hashtag,video,likes,数字倡导,科技行业,男女平等,,
职场中的她们力量,https://www.douyin.com/video/7479750553384340795,174000,1,1,1,,1
职场中的她们力量,https://www.douyin.com/video/7478243859282070823,171200,1,2,1,,1
平等始于对话,https://www.douyin.com/video/7468603666153491770,149500,1,1,1,,1
性别平等行动派,https://www.douyin.com/video/7477510064962686245,133500,1,2,1,,1
职场中的她们力量,https://www.douyin.com/video/7479803841957973308,115400,1,1,1,,1
女性科技领袖,https://www.douyin.com/video/7475660986771459340,114600,1,2,1,,1
打破职场偏见,https://www.douyin.com/video/7477121702133042441,113100,1,2,1,,1
拒绝性别标签,https://www.douyin.com/video/7479004329018445097,111000,1,2,1,,1
她经济崛起,https://www.douyin.com/video/7265843420306935075,99200,1,2,1,,1
打破职场偏见,https://www.douyin.com/video/7478594243787902268,89000,1,2,1,,1
职场中的她们力量,https://www.douyin.com/video/7479729949373435188,88200,1,1,1,,1
平等始于对话,https://www.douyin.com/video/7090511186864639263,77400,1,2,1,,1
拒绝性别标签,https://www.douyin.com/video/7467484586008792371,76400,1,2,1,,1
职场中的她们力量,https://www.douyin.com/video/7154730204177452301,74900,1,1,1,,1
职场中的她们力量,https://www.douyin.com/video/7400328813730647306,69900,1,2,1,,1
职场中的她们力量,https://www.douyin.com/video/7355739520337333558,67600,1,2,1,,1
职场中的她们力量,https://www.douyin.com/video/7478639989673200932,67100,1,2,1,,1
抖音为平等发声,https://www.douyin.com/video/7466847272064650554,60800,1,2,1,,1
性别平等行动派,https://www.douyin.com/video/7425107942510185766,60700,1,2,1,,1
平等始于对话,https://www.douyin.com/video/7425940461606522148,45900,1,2,1,,1
她经济崛起,https://www.douyin.com/video/7385467974053858611,40900,1,2,1,,1
科技界性别平等,https://www.douyin.com/video/7473997133763317051,38800,1,1,1,,1
职场中的她们力量,https://www.douyin.com/video/7343813774266076470,38700,1,2,1,,1
职场中的她们力量,https://www.douyin.com/video/7476771661686131980,37900,1,2,1,,1
拒绝性别标签,https://www.douyin.com/video/7480024022340717862,27300,1,2,1,,1
职场妈妈也顶半边天,https://www.douyin.com/video/7452274003701517580,26900,1,2,1,,1
女性科技领袖,https://www.douyin.com/video/7463051372125048090,22100,1,1,1,,1
职场中的她们力量,https://www.douyin.com/video/7479392621652086026,21700,1,2,1,,1
她经济崛起,https://www.douyin.com/video/7473473811946507571,21400,1,2,1,,1
性别平等行动派,https://www.douyin.com/video/7417699571876285735,19700,1,2,1,,1
用幽默改变观念,https://www.douyin.com/video/7462376006230330664,18900,1,2,1,含有不雅女性图片，疑似ai合成,1
职场中的她们力量,https://www.douyin.com/video/7478626465207274809,16700,1,2,1,,1
职场妈妈也顶半边天,https://www.douyin.com/video/7478996727203171621,16100,1,2,1,,1
打破职场偏见,https://www.douyin.com/video/7478942754479852835,15000,1,2,1,,1
科技界性别平等,https://www.douyin.com/video/7479123895740599592,13800,1,1,1,,1
职场中的她们力量,https://www.douyin.com/video/7476250851057749275,13500,1,2,1,,1
职场中的她们力量,https://www.douyin.com/video/7477737829313875234,12700,1,2,1,,1
职场中的她们力量,https://www.douyin.com/video/7479013231520992551,12200,1,2,1,,1
打破职场偏见,https://www.douyin.com/video/7377692183014493491,11600,1,2,1,电视剧向风而行,1
职场中的她们力量,https://www.douyin.com/video/7478227077179772201,11500,1,2,1,,1
拒绝性别标签,https://www.douyin.com/video/7461870576437611830,10500,1,2,1,,1
打破职场偏见,https://www.douyin.com/video/7379818132849954100,8177,1,2,1,,1
科技界性别平等,https://www.douyin.com/video/7408067118958153014,8173,1,2,1,法国，从政女性比例高于男性,1
算法支持平等,https://www.douyin.com/video/6823930532200500494,7823,1,1,1,,1
女性科技领袖,https://www.douyin.com/video/7476213134378667316,7792,1,1,1,,1